1,Feeney
2,Kautzer - Hane
3,Dooley
4,Kozey - Mante
5,Kuhic - Kuphal
6,Dicki
7,Murphy - Durgan
8,Wisozk
9,Stokes LLC
10,Haag Inc
11,Simonis - Spinka
12,Krajcik LLC
13,Williamson
14,Senger
15,Anderson Inc
16,Luettgen
17,Weimann and Sons
18,Brown Group
19,Grady - Brown
20,Hansen - Hansen
21,Volkman - Corkery
22,Gorczany - Effertz
23,Hermann
24,Haag
25,Veum - Goodwin
26,Lubowitz
27,Satterfield LLC
28,Stoltenberg and Sons
29,D'Amore Inc
30,Brakus Inc
31,Gottlieb Inc
32,Kuvalis - Ryan
33,Torphy - Kuhic
34,Pagac
35,Dickens
36,Dibbert and Sons
37,Greenfelder - Hane
38,Stehr - Johnson
39,Mante - Bednar
40,Cassin
41,Erdman
42,Kihn
43,Roob - Jacobs
44,Heathcote - Hammes
45,Mueller
46,Bernier - Quitzon
47,O'Conner - Boyer
48,Bernhard and Sons
49,Gaylord
50,Kuhn - Johnson
51,Gutmann Group
52,Smitham - Hirthe
53,Ratke - Turcotte
54,Howe
55,Gulgowski - Blanda
56,Schoen
57,Beahan
58,Schinner - DuBuque
59,Green - Strosin
60,Hamill - Bartell
61,Labadie - Jacobs
62,Osinski and Sons
63,Schmidt
64,Weissnat
65,Johns
66,Grimes - Kertzmann
67,Mills
68,Reilly
69,Mante and Sons
70,Torp
71,Von
72,Deckow
73,Morar
74,Nienow - Smith
75,Medhurst Inc
76,Dickinson - Kling
77,Skiles - Kirlin
78,Borer
79,Feest Inc
80,Jacobi
81,Yundt - Grady
82,Ankunding Inc
83,Bauch
84,Greenfelder - Kassulke
85,Bayer
86,Sporer Group
87,Olson
88,Mosciski - Boyer
89,Keebler Inc
90,Rowe Inc
91,Champlin - Weimann
92,DuBuque - Lakin
93,Little
94,Weissnat Group
95,Kihn Inc
96,Greenfelder Group
97,Ledner - Herzog
98,Hackett
99,Reichert - Torp
100,Nicolas - Streich
101,Reinger
102,Bahringer
103,Prohaska - Wisozk
104,Pfeffer LLC
105,Torphy LLC
106,Mayer
107,Deckow Group
108,Raynor - Krajcik
109,Christiansen - Mertz
110,Herman and Sons
111,Schimmel - Rice
112,Cartwright Group
113,Carroll
114,Schimmel Inc
115,Lockman LLC
116,Shields - Sporer
117,Hintz Inc
118,Champlin - Haag
119,Trantow - Balistreri
120,Yost - Johnson
